model,processed_examples,total_examples,coverage_fraction,ok_examples,skipped_examples,mean_step_relevance,mean_step_coherence,mean_example_relevance,mean_example_coherence,fraction_examples_all_steps_relevant,fraction_examples_all_steps_coherent,fraction_examples_with_any_irrelevant_step,fraction_examples_with_any_incoherent_step
base_qwen_oob,105,1187,0.08845829823083404,99,6,0.8580183276059564,0.8763195876288661,0.8224141414141414,0.8317474747474748,0.5353535353535354,0.46464646464646464,0.46464646464646464,0.5353535353535354
algebra_distilled_multitask,166,1187,0.13984835720303285,158,8,0.7069891472868217,0.761262015503876,0.6853417721518987,0.7233164556962026,0.4240506329113924,0.4050632911392405,0.5759493670886076,0.5949367088607594
