model,processed_examples,total_examples,coverage_fraction,ok_examples,skipped_examples,mean_step_relevance,mean_step_coherence,mean_example_relevance,mean_example_coherence,fraction_examples_all_steps_relevant,fraction_examples_all_steps_coherent,fraction_examples_with_any_irrelevant_step,fraction_examples_with_any_incoherent_step
base_qwen_oob,105,1187,0.08845829823083404,99,6,0.8580183276059564,0.8763195876288661,0.8224141414141414,0.8317474747474748,0.5353535353535354,0.46464646464646464,0.46464646464646464,0.5353535353535354
algebra_distilled_multitask,105,1187,0.08845829823083404,101,4,0.6977405541561712,0.7456498740554157,0.6926732673267326,0.7311188118811881,0.4158415841584158,0.39603960396039606,0.5841584158415841,0.6039603960396039
